bmi_group,n,median_tstar,p90_tstar
Q1,67,82.08375164167647,85.82825155299624
Q2,67,81.68077336820417,87.21498520280996
Q3,66,87.18614830603067,87.18614830603067
Q4,67,84.90215610128931,87.34415437417717
