K,cluster,n,bmi_min,bmi_max,median_tstar,p90_tstar
4,C1,61,20.703125,30.0695270675,82.08375164167647,85.82825155299624
4,C2,96,30.095420613673276,32.49514091142857,84.1000436238995,87.43245719549203
4,C3,89,32.631910649999995,36.56191029,87.95465394239913,87.95465394239913
4,C4,21,36.687611538750005,46.875,81.84965826017947,81.84965826017947
