K,cluster,n,bmi_min,bmi_max,median_tstar,p90_tstar
7,C1,1,20.703125,20.703125,,
7,C2,65,27.101577872500002,30.1684934649618,82.08375164167647,85.82825155299624
7,C3,84,30.310313519999998,32.22761533067208,81.68077336820417,87.21498520280996
7,C4,70,32.3647966184369,34.6061223491483,87.18614830603067,87.18614830603067
7,C5,36,34.72222222,37.568712578,87.95465394239913,87.95465394239913
7,C6,9,38.75735012338922,42.818717615,81.84965826017947,81.84965826017947
7,C7,2,44.98269896,46.875,,
