K,cluster,n,bmi_min,bmi_max,median_tstar,p90_tstar
8,C1,1,20.703125,20.703125,,
8,C2,58,27.101577872500002,29.971909780788252,82.08375164167647,85.82825155299624
8,C3,75,30.0275482125,31.742263589513502,81.68077336820417,87.21498520280996
8,C4,59,31.787109375,33.52756727955418,87.18614830603067,87.18614830603067
8,C5,40,33.66749516149068,35.419921875,87.95465394239913,87.95465394239913
8,C6,23,35.54333333,37.568712578,,
8,C7,9,38.75735012338922,42.818717615,81.84965826017947,81.84965826017947
8,C8,2,44.98269896,46.875,,
