K,cluster,n,bmi_min,bmi_max,median_tstar,p90_tstar
6,C1,1,20.703125,20.703125,,
6,C2,65,27.101577872500002,30.1684934649618,82.08375164167647,85.82825155299624
6,C3,84,30.310313519999998,32.22761533067208,81.68077336820417,87.21498520280996
6,C4,78,32.3647966184369,35.0376025975,87.18614830603067,87.18614830603067
6,C5,34,35.2610052275,39.8020249175,87.95465394239913,87.95465394239913
6,C6,5,40.5709342575,46.875,81.84965826017947,81.84965826017947
