K,cluster,n,bmi_min,bmi_max,median_tstar,p90_tstar
5,C1,1,20.703125,20.703125,,
5,C2,65,27.101577872500002,30.1684934649618,82.08375164167647,85.82825155299624
5,C3,95,30.310313519999998,32.69345321727337,84.1000436238995,87.43245719549203
5,C4,85,32.746185758138374,36.56191029,87.95465394239913,87.95465394239913
5,C5,21,36.687611538750005,46.875,81.84965826017947,81.84965826017947
