tau,bmi_group,p90_tstar
0.001,Q1,84.93497123839786
0.001,Q2,87.19347734502097
0.001,Q3,86.20523368040581
0.001,Q4,85.49924114589393
0.002,Q1,84.359152668653
0.002,Q2,87.12837968434036
0.002,Q3,86.22312665479404
0.002,Q4,85.47276309699582
0.005,Q1,81.92007139946307
0.005,Q2,84.84935800615683
0.005,Q3,81.75020863968157
0.005,Q4,82.26780504302435
