covariate,coef,exp(coef),se(coef),coef lower 95%,coef upper 95%,exp(coef) lower 95%,exp(coef) upper 95%,cmp to,z,p,-log2(p)
bmi,-0.054330234171364546,0.9471192837004158,0.018584447524306925,-0.0907550819915807,-0.017905386351148404,0.9132413527645131,0.982253962593497,0.0,-2.9234247668812903,0.0034620387636676575,8.174162406335926
