bmi_group,n,median_tstar,p90_tstar
Q1,67,78.09921100528834,78.09921100528834
Q2,67,81.88162876337572,82.19817214070169
Q3,66,84.2114754148111,84.2114754148111
Q4,67,88.95745314436746,92.79779758462871
