tau,bmi_group,p90_tstar
0.001,Q1,78.2144703027677
0.001,Q2,82.06349252600276
0.001,Q3,84.28949480113482
0.001,Q4,90.31557169482645
0.002,Q1,78.84196485017836
0.002,Q2,81.91776794894514
0.002,Q3,84.0631964218224
0.002,Q4,86.00564079195374
0.005,Q1,80.48916785192678
0.005,Q2,82.80772647925171
0.005,Q3,83.32592928339739
0.005,Q4,82.69491512677956
