feature,VIF
const,125.52923740627864
gest_week,1.0229904810000692
bmi,1.022990481000069
