K,cluster,n,center_bmi,bmi_min,bmi_max,median_tstar,p90_tstar
7,C1,1,20.703125,20.703125,20.703125,,
7,C2,58,29.145722110578394,27.1015778725,29.97190978078825,82.08375164167647,85.82825155299624
7,C3,80,30.877326214348088,30.0275482125,31.862241538791974,81.68077336820417,87.21498520280996
7,C4,62,32.91340222358546,31.957043995,33.8888888875,87.18614830603067,87.18614830603067
7,C5,44,34.958593541015674,33.962434124,36.36363636,87.95465394239913,87.95465394239913
7,C6,18,37.91698720889663,36.56191029,40.5709342575,,
7,C7,4,44.169592425,42.001953125,46.875,81.84965826017947,81.84965826017947
