K,cluster,n,center_bmi,bmi_min,bmi_max,median_tstar,p90_tstar
6,C1,1,20.703125,20.703125,20.703125,,
6,C2,61,29.190891447659347,27.1015778725,30.09542061367328,82.08375164167647,85.82825155299624
6,C3,86,31.02823162853805,30.110278895,32.179591835,81.68077336820417,87.21498520280996
6,C4,72,33.383760671716715,32.2224964821991,34.6061223491483,87.18614830603067,87.18614830603067
6,C5,36,35.92925346743156,34.72222222,37.568712578,87.95465394239913,87.95465394239913
6,C6,11,41.13408919417175,38.75735012338922,46.875,81.84965826017947,81.84965826017947
