K,cluster,n,center_bmi,bmi_min,bmi_max,median_tstar,p90_tstar
4,C1,118,29.82243508202303,20.703125,31.17585848,86.5193138795948,87.3130102633025
4,C2,84,32.58198972463065,31.220523156404024,33.962434124,81.68077336820417,86.08507331846538
4,C3,54,35.38749703712851,34.0254513521401,37.568712578,87.95465394239913,87.95465394239913
4,C4,11,41.13408919417175,38.75735012338922,46.875,81.84965826017947,81.84965826017947
