K,cluster,n,center_bmi,bmi_min,bmi_max,median_tstar,p90_tstar
8,C1,1,20.703125,20.703125,20.703125,,
8,C2,43,28.89054792974353,27.1015778725,29.711530155380025,82.08375164167647,85.82825155299624
8,C3,82,30.56483104227967,29.76124885,31.36491956828325,83.9790706969473,87.33093042334582
8,C4,53,32.35539341955235,31.49474171,33.10478427333334,84.43346083711742,86.63561081224802
8,C5,49,34.05212990820496,33.251953125,35.0376025975,,
8,C6,28,36.219866727443204,35.2610052275,37.568712578,87.95465394239913,87.95465394239913
8,C7,8,39.724820570111156,38.75735012338922,42.001953125,,
8,C8,3,44.89213885833333,42.818717615,46.875,81.84965826017947,81.84965826017947
