covariate,coef,exp(coef),se(coef),coef lower 95%,coef upper 95%,exp(coef) lower 95%,exp(coef) upper 95%,cmp to,z,p,-log2(p)
bmi,-0.05524745943440165,0.946250960251275,0.017594721517185097,-0.08973247992609638,-0.02076243894270692,0.9141757129160233,0.9794516164954288,0.0,-3.1400019250341877,0.0016894672451464045,9.209215904401821
