bmi_group,n,median_tstar,p90_tstar
Q1,92,81.48594954171826,82.1190362963702
Q2,102,82.84871247826467,83.93892282750183
Q3,101,83.24439169992215,84.01805867183332
Q4,84,88.95745314436746,92.79779758462871
