tau,bmi_group,p90_tstar
0.001,Q1,82.02937734709784
0.001,Q2,83.4583620827524
0.001,Q3,83.41533394866079
0.001,Q4,90.36912034524575
0.002,Q1,82.0522408639857
0.002,Q2,82.83284738289888
0.002,Q3,82.94049201325369
0.002,Q4,88.10221534437399
0.005,Q1,82.6217680356275
0.005,Q2,83.17949996907281
0.005,Q3,81.5833605034172
0.005,Q4,81.80037982113616
