group_q,min_bmi,max_bmi
Q1,20.703125,30.310313519999998
Q2,30.334540504,31.742263589513502
Q3,31.787109375,33.846605631791604
Q4,33.8888888875,46.875
